﻿<?xml version="1.0"?>
<project name="contentbox.create-patch" default="build" basedir=".">

	<!--Build Properties-->
	<property name="dir.exports"		value="patches" />
		
	<!-- Build Labels -->
	<tstamp prefix="start"/>
		
	<!-- Init -->
	<target name="init" description="Init">
		<!-- Version -->
		<input addproperty="contentbox.version" message="ContentBox Version (no periods, use dashes)" />
		<!-- Start Commit -->
		<input addproperty="contentbox.startgit" message="Git Start Commit Hash" />
		<!-- End Commit -->
		<input addproperty="contentbox.endgit" message="Git End Commit Hash" />
		<!-- Manual Excludes -->
		<input addproperty="patch.excludes" message="Manual Excludes Pattern" />
	</target>
	
	<!--Build-->
	<target name="build" description="Build a new ContentBox patch release" depends="init">
      	<!-- Create patch folder -->
		<mkdir dir="${dir.exports}/${contentbox.version}"/>
		<mkdir dir="${dir.exports}/${contentbox.version}/patch"/>
		<!-- Copy Update Template -->
		<copy file="patches/Update.cfc" tofile="${dir.exports}/${contentbox.version}/Update.cfc" overwrite="false" />
		<!-- Execute patch -->
		<exec executable="./create-patch.sh">
	    	<arg value="${contentbox.startgit}"/>
	    	<arg value="${contentbox.endgit}"/>
	   	 	<arg value="${contentbox.version}"/>
	  	</exec>
		<!--Unzip Patch -->
		<unzip src="${dir.exports}/${contentbox.version}/patch.zip" dest="${dir.exports}/${contentbox.version}/patch" overwrite="true">
			<patternset>
		        <exclude name="ant/"/>
				<exclude name="test/"/>
				<exclude name="config/"/>
				<exclude name="Application.cfc"/>
				<exclude name="favicon.ico"/>
				<exclude name=".htaccess"/>
				<exclude name="${patch.excludes}"/>
		    </patternset>
		</unzip>
		<!-- Delete Patch -->
		<delete file="${dir.exports}/${contentbox.version}/patch.zip" />
		<!-- Zip it back up -->
		<zip basedir="${dir.exports}/${contentbox.version}/patch" destfile="${dir.exports}/${contentbox.version}/patch.zip"/>
		<!-- Delete Folder -->
		<delete dir="${dir.exports}/${contentbox.version}/patch" />				
    </target>
	
</project>
