{
    "name":"ContentBox Modular CMS",
    "version":"3.5.0+00228",
    "location":"http://downloads.ortussolutions.com/ortussolutions/contentbox/3.5.0/contentbox-3.5.0.zip",
    "author":"Ortus Solutions <info@ortussolutions.com>",
    "slug":"contentbox",
    "type":"modules",
    "keywords":"cms,content management,modular cms",
    "homepage":"https://www.contentboxcms.org",
    "documentation":"https://contentbox.ortusbooks.com",
    "repository":{
        "type":"git",
        "url":"https://github.com/Ortus-Solutions/ContentBox"
    },
    "bugs":"https://ortussolutions.atlassian.net/browse/CONTENTBOX",
    "shortDescription":"A Modular Content Management System",
    "license":[
        {
            "type":"Apache2",
            "url":"http://www.apache.org/licenses/LICENSE-2.0.html"
        }
    ],
    "contributors":[
        "Joel Watson <existdissolve@gmail.com>",
        "Brad Wood <bdw429s@gmail.com>",
        "Curt Gratz <gratz@computerknowhow.com>"
    ],
    "dependencies":{
        "cborm":"^1.3.0+47",
        "cbjavaloader":"^1.3.1+14",
        "cbmailservices":"^1.2.0+00028",
        "cbsecurity":"^1.3.0+00003",
        "cbstorages":"^1.3.0",
        "cbfeeds":"^1.1.0",
        "cbmessagebox":"^2.1.0+00027",
        "cbantisamy":"^1.3.0+00033",
        "bcrypt":"https://github.com/coldbox-modules/cbox-bcrypt/archive/v2.1.0.zip",
        "cbmarkdown":"^2.0.0+00007",
        "forgeboxsdk":"^1.0.0"
    },
    "installPaths":{
        "cborm":"modules/contentbox-deps/modules/cborm",
        "cbjavaloader":"modules/contentbox-deps/modules/cbjavaloader",
        "cbmailservices":"modules/contentbox-deps/modules/cbmailservices",
        "cbsecurity":"modules/contentbox-deps/modules/cbsecurity",
        "cbstorages":"modules/contentbox-deps/modules/cbstorages",
        "cbfeeds":"modules/contentbox-deps/modules/cbfeeds",
        "cbmessagebox":"modules/contentbox-deps/modules/cbmessagebox",
        "cbantisamy":"modules/contentbox-deps/modules/cbantisamy",
        "BCrypt":"modules/contentbox-deps/modules/BCrypt",
        "cbmarkdown":"modules/contentbox-deps/modules/cbmarkdown",
        "forgeboxsdk":"modules/contentbox-deps/modules/forgeboxsdk"
    },
    "devDependencies":{
        
    }
}